"title","url","stars","name","reviewUrl","text"
"The Strikers Lab Gym (Muay Thai, Kickboxing & Boxing)","https://www.google.com/maps/search/?api=1&query=The%20Strikers%20Lab%20Gym%20(Muay%20Thai%2C%20Kickboxing%20%26%20Boxing)&query_place_id=ChIJUZBLv4ibEmsRsKGyO3x3EnU","5","Antonio Logronio","https://www.google.com/maps/reviews/data=!4m8!14m7!1m6!2m5!1sCi9DQUlRQUNvZENodHljRjlvT205UlpHRmllbk16TVRoU1dWWmxSbll0VGtoUWNIYxAB!2m1!1s0x0:0x7512777c3bb2a1b0!3m1!1s2@1:CAIQACodChtycF9oOm9RZGFienMzMThSWVZlRnYtTkhQcHc%7C0ch3zW89g-Y%7C?hl=en","In the already competitive landscape of gyms in Western Sydney let alone combat sports/fight gyms, this is definitely a gym I highly recommend... The gym owner (coach Franz) while firm, is also very fair... He is a retired ex kick boxing/muay thai champion and runs a very professional gym which even offers kids classes, wrestling n boxing classes for all skill n fitness levels! 1 of the rare fight gyms wid elephant mats and a proper ring, body shields, shin guards n overall well kept equipment!"
"The Strikers Lab Gym (Muay Thai, Kickboxing & Boxing)","https://www.google.com/maps/search/?api=1&query=The%20Strikers%20Lab%20Gym%20(Muay%20Thai%2C%20Kickboxing%20%26%20Boxing)&query_place_id=ChIJUZBLv4ibEmsRsKGyO3x3EnU","5","Tristan Uru","https://www.google.com/maps/reviews/data=!4m8!14m7!1m6!2m5!1sChZDSUhNMG9nS0VJQ0FnSURfcUtld1NBEAE!2m1!1s0x0:0x7512777c3bb2a1b0!3m1!1s2@1:CIHM0ogKEICAgID_qKewSA%7CCgwIlIO9vAYQ4MzMqwE%7C?hl=en","If you're looking for a top-tier gym that combines cutting-edge equipment with expert coaching, look no further than Strikers Lab. From the moment you walk in, you can tell this place is designed for serious athletes. The quality of the equipment is second to none‚Äîwhether you‚Äôre hitting the bags, working on footwork, or using the strength and conditioning tools, everything is high-end and meticulously maintained.

What truly sets Strikers Lab apart, however, is Coach Franz. His expertise, passion, and personalized coaching style make a huge difference. He‚Äôs not just a coach; he's a mentor who knows how to push you to reach your potential while ensuring that every movement is precise and effective. Whether you're a beginner or a seasoned pro, Coach Franz will meet you where you're at and help you improve.

The atmosphere at Strikers Lab is also incredibly motivating. It‚Äôs clear that everyone here is serious about their training, and the community vibe makes it even more rewarding. If you‚Äôre serious about leveling up your fitness or combat skills, Strikers Lab is hands down one of the best places you can train. Highly recommend!"
"The Strikers Lab Gym (Muay Thai, Kickboxing & Boxing)","https://www.google.com/maps/search/?api=1&query=The%20Strikers%20Lab%20Gym%20(Muay%20Thai%2C%20Kickboxing%20%26%20Boxing)&query_place_id=ChIJUZBLv4ibEmsRsKGyO3x3EnU","1","Happy GoLucky","https://www.google.com/maps/reviews/data=!4m8!14m7!1m6!2m5!1sChZDSUhNMG9nS0VJQ0FnSURfc0otYVJREAE!2m1!1s0x0:0x7512777c3bb2a1b0!3m1!1s2@1:CIHM0ogKEICAgID_sJ-aRQ%7CCgwIzsq7vAYQgOyq2gM%7C?hl=en","BEWARE NEW JOINERS! Prices are cheap for a reason. This review is from a customer‚Äôs standpoint who came in for a trial.

There is really only one trainer/owner here who is always on his phone. The instructor/owner has a very bad attitude. Came in for a trial, no introduction, no interest in what my fighting experience has been or anything.

Had been to the intermediate and beginner class, there is not much difference at all. Only one ring which doesn‚Äôt get used.

If all you want to do is some combos which you cannot use in a real fight, low grade equipment (thai pads) and an instructor who is always on their phone, then yes join this place."
"The Strikers Lab Gym (Muay Thai, Kickboxing & Boxing)","https://www.google.com/maps/search/?api=1&query=The%20Strikers%20Lab%20Gym%20(Muay%20Thai%2C%20Kickboxing%20%26%20Boxing)&query_place_id=ChIJUZBLv4ibEmsRsKGyO3x3EnU","5","Tyrone Campbell","https://www.google.com/maps/reviews/data=!4m8!14m7!1m6!2m5!1sChZDSUhNMG9nS0VJQ0FnSURmcy1EYlBREAE!2m1!1s0x0:0x7512777c3bb2a1b0!3m1!1s2@1:CIHM0ogKEICAgIDfs-DbPQ%7CCgwIgsWCvAYQkMr0sgM%7C?hl=en","Best gym ever I recommend going coach Franz knows his tuff"
"The Strikers Lab Gym (Muay Thai, Kickboxing & Boxing)","https://www.google.com/maps/search/?api=1&query=The%20Strikers%20Lab%20Gym%20(Muay%20Thai%2C%20Kickboxing%20%26%20Boxing)&query_place_id=ChIJUZBLv4ibEmsRsKGyO3x3EnU","5","Dominic Ngen","https://www.google.com/maps/reviews/data=!4m8!14m7!1m6!2m5!1sChdDSUhNMG9nS0VJQ0FnSUQzN29DWW9BRRAB!2m1!1s0x0:0x7512777c3bb2a1b0!3m1!1s2@1:CIHM0ogKEICAgID37oCYoAE%7CCgwIuJfcuQYQ8JThpQE%7C?hl=en","I‚Äôve made a review before but it wasn‚Äôt a serious review but more of a humorous review, Here is my honest and serious thought about the Strikers Lab Gym.

The coach Franz ""Dirty"" Sanchez was able to turn me, a MMA fighter that primarily focuses on Judo, Wrestling, Brazilian Jiujutsu, Japanese Jiujutsu, Kempo Jiujutsu, Gojo Ryu Karate and Capoeira, into an even better MMA fighter by teaching me well with Muay Thai, Boxing and Kickboxing.

I find that The Strikers Lab Gym is one of the best Martial Art Gyms in Sydney and highly recommended if it is your first time doing Martial Arts or if your experienced and need a place to train.

100/10 Highly Recommended"
"The Strikers Lab Gym (Muay Thai, Kickboxing & Boxing)","https://www.google.com/maps/search/?api=1&query=The%20Strikers%20Lab%20Gym%20(Muay%20Thai%2C%20Kickboxing%20%26%20Boxing)&query_place_id=ChIJUZBLv4ibEmsRsKGyO3x3EnU","5","Tyson","https://www.google.com/maps/reviews/data=!4m8!14m7!1m6!2m5!1sChZDSUhNMG9nS0VJQ0FnSURYMzY2REl3EAE!2m1!1s0x0:0x7512777c3bb2a1b0!3m1!1s2@1:CIHM0ogKEICAgIDX366DIw%7CCgwI0JGTuQYQqMmd7QI%7C?hl=en",
"The Strikers Lab Gym (Muay Thai, Kickboxing & Boxing)","https://www.google.com/maps/search/?api=1&query=The%20Strikers%20Lab%20Gym%20(Muay%20Thai%2C%20Kickboxing%20%26%20Boxing)&query_place_id=ChIJUZBLv4ibEmsRsKGyO3x3EnU","5","FullForce Gym","https://www.google.com/maps/reviews/data=!4m8!14m7!1m6!2m5!1sChdDSUhNMG9nS0VJQ0FnSURYM19iRjh3RRAB!2m1!1s0x0:0x7512777c3bb2a1b0!3m1!1s2@1:CIHM0ogKEICAgIDX3_bF8wE%7CCgwI05CTuQYQqOCH1gI%7C?hl=en","Awesome ppl / Awesome training.
Definitely 100% good place to train."
"The Strikers Lab Gym (Muay Thai, Kickboxing & Boxing)","https://www.google.com/maps/search/?api=1&query=The%20Strikers%20Lab%20Gym%20(Muay%20Thai%2C%20Kickboxing%20%26%20Boxing)&query_place_id=ChIJUZBLv4ibEmsRsKGyO3x3EnU","5","Ewan Rogers","https://www.google.com/maps/reviews/data=!4m8!14m7!1m6!2m5!1sChZDSUhNMG9nS0VJQ0FnSURYbTdfY0NnEAE!2m1!1s0x0:0x7512777c3bb2a1b0!3m1!1s2@1:CIHM0ogKEICAgIDXm7_cCg%7CCgwI1KqNuQYQ0Jru4gE%7C?hl=en","The Strikers Lab gym is one of the most welcoming communities I have encountered. From the kind natured people who train there, to the elite coach Franz, the gym is as a whole one you will be sure to enjoy. Franz‚Äôs national champion title status speaks for itself. Franz tries to get the best out of you and will do his best to help you achieve your goals. His people skills allows for great communication and his empathetic nature creates a comfortable environment. His depth of knowledge is rare to encounter and should not be overlooked. If you don‚Äôt believe this review, get to the gym try it for yourself."
"The Strikers Lab Gym (Muay Thai, Kickboxing & Boxing)","https://www.google.com/maps/search/?api=1&query=The%20Strikers%20Lab%20Gym%20(Muay%20Thai%2C%20Kickboxing%20%26%20Boxing)&query_place_id=ChIJUZBLv4ibEmsRsKGyO3x3EnU","5","Sarosh Pereira","https://www.google.com/maps/reviews/data=!4m8!14m7!1m6!2m5!1sChZDSUhNMG9nS0VJQ0FnSUNYNmNXbFl3EAE!2m1!1s0x0:0x7512777c3bb2a1b0!3m1!1s2@1:CIHM0ogKEICAgICX6cWlYw%7CCgwImv7HuAYQ0JassAI%7C?hl=en","W spot"
"The Strikers Lab Gym (Muay Thai, Kickboxing & Boxing)","https://www.google.com/maps/search/?api=1&query=The%20Strikers%20Lab%20Gym%20(Muay%20Thai%2C%20Kickboxing%20%26%20Boxing)&query_place_id=ChIJUZBLv4ibEmsRsKGyO3x3EnU","5","OfficialStephenKovacs","https://www.google.com/maps/reviews/data=!4m8!14m7!1m6!2m5!1sChdDSUhNMG9nS0VJQ0FnSUNYOGYycTlBRRAB!2m1!1s0x0:0x7512777c3bb2a1b0!3m1!1s2@1:CIHM0ogKEICAgICX8f2q9AE%7CCgwIs_7FuAYQuKL03QI%7C?hl=en","I joined The Strikers Lab after years of contemplating. I had been in to a few gyms and never felt welcomed or like they had time to even talk to you unless you were part of the ‚Äúfight team‚Äù. This place is different! Immediately welcome and the vibe is awesome. There are no egos here and just a passion to learn and be better every day. High quality training and everyone is treated equally so if you pick The Strikers Lab to train at you‚Äôll feel right at home."
"The Strikers Lab Gym (Muay Thai, Kickboxing & Boxing)","https://www.google.com/maps/search/?api=1&query=The%20Strikers%20Lab%20Gym%20(Muay%20Thai%2C%20Kickboxing%20%26%20Boxing)&query_place_id=ChIJUZBLv4ibEmsRsKGyO3x3EnU","5","Jennifer Nguyen","https://www.google.com/maps/reviews/data=!4m8!14m7!1m6!2m5!1sChZDSUhNMG9nS0VJQ0FnSUNYOFp6bEV3EAE!2m1!1s0x0:0x7512777c3bb2a1b0!3m1!1s2@1:CIHM0ogKEICAgICX8ZzlEw%7CCgwIpuDFuAYQkIv-jAM%7C?hl=en","I joined The Strikers Lab Gym this year, and training with Franz has been a game changer. He‚Äôs created such a friendly and welcoming environment, but he‚Äôs also firm and pushes you to reach your full potential."
"The Strikers Lab Gym (Muay Thai, Kickboxing & Boxing)","https://www.google.com/maps/search/?api=1&query=The%20Strikers%20Lab%20Gym%20(Muay%20Thai%2C%20Kickboxing%20%26%20Boxing)&query_place_id=ChIJUZBLv4ibEmsRsKGyO3x3EnU","5","David Mansour","https://www.google.com/maps/reviews/data=!4m8!14m7!1m6!2m5!1sChdDSUhNMG9nS0VJQ0FnSUNYd2RIdDd3RRAB!2m1!1s0x0:0x7512777c3bb2a1b0!3m1!1s2@1:CIHM0ogKEICAgICXwdHt7wE%7CCgwI27zDuAYQqKLGvQE%7C?hl=en","One of the best  Muay Thai gyms in Sydney.

You get
-Affordable payment options.
-Amazing training for beginners and fighters
-Feedback with incredible attention to detail to improve your skills.
-A great community of people from all different ages and backgrounds.
-First 3 lessons free.

If you ever wanted to try Muay Thai, give Strikers Lab a go. You can't go wrong."
"The Strikers Lab Gym (Muay Thai, Kickboxing & Boxing)","https://www.google.com/maps/search/?api=1&query=The%20Strikers%20Lab%20Gym%20(Muay%20Thai%2C%20Kickboxing%20%26%20Boxing)&query_place_id=ChIJUZBLv4ibEmsRsKGyO3x3EnU","5","Caleb Walker","https://www.google.com/maps/reviews/data=!4m8!14m7!1m6!2m5!1sChZDSUhNMG9nS0VJQ0FnSUNYd2ZhVk9REAE!2m1!1s0x0:0x7512777c3bb2a1b0!3m1!1s2@1:CIHM0ogKEICAgICXwfaVOQ%7CCgwImbbDuAYQwOSJ1wE%7C?hl=en","Strikers has an amazing group community all the boys are supportive including the coach, great atmosphere and a great gym for beginners and or anyone who is looking to improve their muay thai/boxing skills. DEFIANTLY recommend the strikers lab."
"The Strikers Lab Gym (Muay Thai, Kickboxing & Boxing)","https://www.google.com/maps/search/?api=1&query=The%20Strikers%20Lab%20Gym%20(Muay%20Thai%2C%20Kickboxing%20%26%20Boxing)&query_place_id=ChIJUZBLv4ibEmsRsKGyO3x3EnU","5","Kade Walker","https://www.google.com/maps/reviews/data=!4m8!14m7!1m6!2m5!1sChZDSUhNMG9nS0VJQ0FnSUNYd2JhdmJBEAE!2m1!1s0x0:0x7512777c3bb2a1b0!3m1!1s2@1:CIHM0ogKEICAgICXwbavbA%7CCgsI9bXDuAYQ8LTdCg%7C?hl=en","Great gym"
"The Strikers Lab Gym (Muay Thai, Kickboxing & Boxing)","https://www.google.com/maps/search/?api=1&query=The%20Strikers%20Lab%20Gym%20(Muay%20Thai%2C%20Kickboxing%20%26%20Boxing)&query_place_id=ChIJUZBLv4ibEmsRsKGyO3x3EnU","5","James hunt","https://www.google.com/maps/reviews/data=!4m8!14m7!1m6!2m5!1sChZDSUhNMG9nS0VJQ0FnSUNYd2JhTE9BEAE!2m1!1s0x0:0x7512777c3bb2a1b0!3m1!1s2@1:CIHM0ogKEICAgICXwbaLOA%7CCgwI5bXDuAYQ8L3rqAI%7C?hl=en",
"The Strikers Lab Gym (Muay Thai, Kickboxing & Boxing)","https://www.google.com/maps/search/?api=1&query=The%20Strikers%20Lab%20Gym%20(Muay%20Thai%2C%20Kickboxing%20%26%20Boxing)&query_place_id=ChIJUZBLv4ibEmsRsKGyO3x3EnU","5","dominic ngen","https://www.google.com/maps/reviews/data=!4m8!14m7!1m6!2m5!1sChZDSUhNMG9nS0VJQ0FnSUNYd1phYWZnEAE!2m1!1s0x0:0x7512777c3bb2a1b0!3m1!1s2@1:CIHM0ogKEICAgICXwZaafg%7CCgwI0rTDuAYQ2OqB5gE%7C?hl=en","First day as a member and already got punched in the face.

10/10 Recommend"
"The Strikers Lab Gym (Muay Thai, Kickboxing & Boxing)","https://www.google.com/maps/search/?api=1&query=The%20Strikers%20Lab%20Gym%20(Muay%20Thai%2C%20Kickboxing%20%26%20Boxing)&query_place_id=ChIJUZBLv4ibEmsRsKGyO3x3EnU","5","yandi kalemba","https://www.google.com/maps/reviews/data=!4m8!14m7!1m6!2m5!1sChZDSUhNMG9nS0VJQ0FnSUNYd2Vid09BEAE!2m1!1s0x0:0x7512777c3bb2a1b0!3m1!1s2@1:CIHM0ogKEICAgICXwebwOA%7CCgsIgrTDuAYQkM3-YQ%7C?hl=en","Best gym ever. Coach Franz know his stuff"
"The Strikers Lab Gym (Muay Thai, Kickboxing & Boxing)","https://www.google.com/maps/search/?api=1&query=The%20Strikers%20Lab%20Gym%20(Muay%20Thai%2C%20Kickboxing%20%26%20Boxing)&query_place_id=ChIJUZBLv4ibEmsRsKGyO3x3EnU","5","Tiuli Fepuleai","https://www.google.com/maps/reviews/data=!4m8!14m7!1m6!2m5!1sChdDSUhNMG9nS0VJQ0FnSURIcTRhOTRnRRAB!2m1!1s0x0:0x7512777c3bb2a1b0!3m1!1s2@1:CIHM0ogKEICAgIDHq4a94gE%7CCgwI-6iztwYQ4MnF_gI%7C?hl=en","6am morning classes is the best way to start the day, top quality training and facility"
"The Strikers Lab Gym (Muay Thai, Kickboxing & Boxing)","https://www.google.com/maps/search/?api=1&query=The%20Strikers%20Lab%20Gym%20(Muay%20Thai%2C%20Kickboxing%20%26%20Boxing)&query_place_id=ChIJUZBLv4ibEmsRsKGyO3x3EnU","5","Liam Jury","https://www.google.com/maps/reviews/data=!4m8!14m7!1m6!2m5!1sChdDSUhNMG9nS0VJQ0FnSURINHVyUnJnRRAB!2m1!1s0x0:0x7512777c3bb2a1b0!3m1!1s2@1:CIHM0ogKEICAgIDH4urRrgE%7CCgwIvoeUtwYQkPGuxQM%7C?hl=en","One of the best gyms western Sydney Franz an awesome trainer I recommend 100%"
"The Strikers Lab Gym (Muay Thai, Kickboxing & Boxing)","https://www.google.com/maps/search/?api=1&query=The%20Strikers%20Lab%20Gym%20(Muay%20Thai%2C%20Kickboxing%20%26%20Boxing)&query_place_id=ChIJUZBLv4ibEmsRsKGyO3x3EnU","5","Stephen Michael","https://www.google.com/maps/reviews/data=!4m8!14m7!1m6!2m5!1sChZDSUhNMG9nS0VJQ0FnSURIOVBQcldREAE!2m1!1s0x0:0x7512777c3bb2a1b0!3m1!1s2@1:CIHM0ogKEICAgIDH9PPrWQ%7CCgwI1rSPtwYQiPXKrAI%7C?hl=en","I've been coming to this gym for almost 2 years now and I love it. Franz is a great coach and the people and gym atmosphere is awesome. üí™"
"The Strikers Lab Gym (Muay Thai, Kickboxing & Boxing)","https://www.google.com/maps/search/?api=1&query=The%20Strikers%20Lab%20Gym%20(Muay%20Thai%2C%20Kickboxing%20%26%20Boxing)&query_place_id=ChIJUZBLv4ibEmsRsKGyO3x3EnU","5","Sara Overton","https://www.google.com/maps/reviews/data=!4m8!14m7!1m6!2m5!1sChdDSUhNMG9nS0VJQ0FnSURIbEo2NHl3RRAB!2m1!1s0x0:0x7512777c3bb2a1b0!3m1!1s2@1:CIHM0ogKEICAgIDHlJ64ywE%7CCgsIne2NtwYQ8L7LAQ%7C?hl=en","I Love this gym , I'm so glad I found it I have been to multiple Muay Thai gyms in the years and can say this one has a great vibe , The trainer Franz is very respectful and has a real eye for detail, he makes the effort for all his students not just the fighters , he is always helping correct form and will even pair you up with someone that is your level to ensure you get the most of your class. You will also find often other gyms coming to spar here too so you will get a good mix of new styles to help perfect your sparring skills. This gym was recently updated and is exceptionally clean and quality equipment. It's obvious Franz puts alot of pride into his gym and he even holds in house family events for members , I have never seen this happen in other gyms.  There is one thing for sure you will progress fast here , Franz is a professional fighter with great teaching skills . I will add the membership price is also very competitive. If your looking for a Muay Thai gym this is the spot ."
"The Strikers Lab Gym (Muay Thai, Kickboxing & Boxing)","https://www.google.com/maps/search/?api=1&query=The%20Strikers%20Lab%20Gym%20(Muay%20Thai%2C%20Kickboxing%20%26%20Boxing)&query_place_id=ChIJUZBLv4ibEmsRsKGyO3x3EnU","5","Robert Bordignon","https://www.google.com/maps/reviews/data=!4m8!14m7!1m6!2m5!1sChdDSUhNMG9nS0VJQ0FnSURILUpfYWp3RRAB!2m1!1s0x0:0x7512777c3bb2a1b0!3m1!1s2@1:CIHM0ogKEICAgIDH-J_ajwE%7CCgwI5rqLtwYQyKDPkQI%7C?hl=en","Great gym with an experienced attentive head coach in Franz. As someone who came to the gym with no prior experience head coach Franz has always ensured his coaching is aimed at helping students learn and better their martial arts. His hands on approach is tailored to each students strengths and/or weaknesses taking time to really ensure everyone that attends the gym classes improves as fighters. The Gym is new, clean and has great quality equipment to borrow. Franz creates a friendly welcoming environment but also commands discipline and punctuality as a coach so that his students can experience the best results to grow into fighters that can achieve their goals and one day step in the ring."
"The Strikers Lab Gym (Muay Thai, Kickboxing & Boxing)","https://www.google.com/maps/search/?api=1&query=The%20Strikers%20Lab%20Gym%20(Muay%20Thai%2C%20Kickboxing%20%26%20Boxing)&query_place_id=ChIJUZBLv4ibEmsRsKGyO3x3EnU","5","Viniccius Marangoni","https://www.google.com/maps/reviews/data=!4m8!14m7!1m6!2m5!1sChZDSUhNMG9nS0VJQ0FnSURIdUl6MlJBEAE!2m1!1s0x0:0x7512777c3bb2a1b0!3m1!1s2@1:CIHM0ogKEICAgIDHuIz2RA%7CCgwIp9eKtwYQyNWopgI%7C?hl=en","Great gym for people who want to learn Muay Thai or Boxing, from beginners to advanced. Coach Franz has many years of experience. I improved so much since I joined the team."
"The Strikers Lab Gym (Muay Thai, Kickboxing & Boxing)","https://www.google.com/maps/search/?api=1&query=The%20Strikers%20Lab%20Gym%20(Muay%20Thai%2C%20Kickboxing%20%26%20Boxing)&query_place_id=ChIJUZBLv4ibEmsRsKGyO3x3EnU","5","Christian Gamallo","https://www.google.com/maps/reviews/data=!4m8!14m7!1m6!2m5!1sChdDSUhNMG9nS0VJQ0FnSURIMkw3YTdnRRAB!2m1!1s0x0:0x7512777c3bb2a1b0!3m1!1s2@1:CIHM0ogKEICAgIDH2L7a7gE%7CCgwIl66KtwYQ6MbyzQE%7C?hl=en","A place for all levels whether your curious to try or aiming to further your skills. TSL and Coach Sanchez really care about nurturing and honing in on your muay thai journey sharing wisdom from a decorated professional career. A great place for learning and loving muay thai and boxing for everyone!"
"The Strikers Lab Gym (Muay Thai, Kickboxing & Boxing)","https://www.google.com/maps/search/?api=1&query=The%20Strikers%20Lab%20Gym%20(Muay%20Thai%2C%20Kickboxing%20%26%20Boxing)&query_place_id=ChIJUZBLv4ibEmsRsKGyO3x3EnU","5","Qi Schembri","https://www.google.com/maps/reviews/data=!4m8!14m7!1m6!2m5!1sChZDSUhNMG9nS0VJQ0FnSURINlBDYU9BEAE!2m1!1s0x0:0x7512777c3bb2a1b0!3m1!1s2@1:CIHM0ogKEICAgIDH6PCaOA%7CCgsI9Y-JtwYQyPalUw%7C?hl=en","Great gym, highly recommended for martial arts lovers or just for fitness.
The gym is always clean, Franz the head coach is always there to help you improve your skills. Absolutely love it!"
"The Strikers Lab Gym (Muay Thai, Kickboxing & Boxing)","https://www.google.com/maps/search/?api=1&query=The%20Strikers%20Lab%20Gym%20(Muay%20Thai%2C%20Kickboxing%20%26%20Boxing)&query_place_id=ChIJUZBLv4ibEmsRsKGyO3x3EnU","5","michael reed","https://www.google.com/maps/reviews/data=!4m8!14m7!1m6!2m5!1sChZDSUhNMG9nS0VJQ0FnSURIcU4zUkNREAE!2m1!1s0x0:0x7512777c3bb2a1b0!3m1!1s2@1:CIHM0ogKEICAgIDHqN3RCQ%7CCgwIxPaItwYQ-MzVtQE%7C?hl=en","When I changed jobs I could no longer attend classes as I had gone to night shift. Explained this to Franz,and instead of wishing me well and sending me on my way,he accommodated me and got me doing different times to suit my situation.  I find the workouts exhausting and tough and Franz an amazing teacher. Some people can teach and some can't. Franz is the former. His gym is clean and tidy. The gear is top notch. HIGHLY recommend coming down, and EMBRACE THE PAIN ,LOL, yes it's GOING TO BE TOUGH,but with Franz, you'll get this done. You'll feel confident and strong in your Daily life....promise.‚ö°Ô∏è‚ö°Ô∏è‚ö°Ô∏èüéµüéµüéµ"
"The Strikers Lab Gym (Muay Thai, Kickboxing & Boxing)","https://www.google.com/maps/search/?api=1&query=The%20Strikers%20Lab%20Gym%20(Muay%20Thai%2C%20Kickboxing%20%26%20Boxing)&query_place_id=ChIJUZBLv4ibEmsRsKGyO3x3EnU","5","DropBearMan","https://www.google.com/maps/reviews/data=!4m8!14m7!1m6!2m5!1sChZDSUhNMG9nS0VJQ0FnSURINE0tZWJ3EAE!2m1!1s0x0:0x7512777c3bb2a1b0!3m1!1s2@1:CIHM0ogKEICAgIDH4M-ebw%7CCgwIs9iFtwYQ2OC63AM%7C?hl=en","Great gym atmosphere, Other trainees are very supportive. Awesome place to start training at for a beginner like myself üí™üèæ"
"The Strikers Lab Gym (Muay Thai, Kickboxing & Boxing)","https://www.google.com/maps/search/?api=1&query=The%20Strikers%20Lab%20Gym%20(Muay%20Thai%2C%20Kickboxing%20%26%20Boxing)&query_place_id=ChIJUZBLv4ibEmsRsKGyO3x3EnU","5","Dean A","https://www.google.com/maps/reviews/data=!4m8!14m7!1m6!2m5!1sChdDSUhNMG9nS0VJQ0FnSURINE92RjZBRRAB!2m1!1s0x0:0x7512777c3bb2a1b0!3m1!1s2@1:CIHM0ogKEICAgIDH4OvF6AE%7CCgsI6tGFtwYQuIfWcA%7C?hl=en",
"The Strikers Lab Gym (Muay Thai, Kickboxing & Boxing)","https://www.google.com/maps/search/?api=1&query=The%20Strikers%20Lab%20Gym%20(Muay%20Thai%2C%20Kickboxing%20%26%20Boxing)&query_place_id=ChIJUZBLv4ibEmsRsKGyO3x3EnU","5","Geetinder Singh","https://www.google.com/maps/reviews/data=!4m8!14m7!1m6!2m5!1sChZDSUhNMG9nS0VJQ0FnSURINE9uYlR3EAE!2m1!1s0x0:0x7512777c3bb2a1b0!3m1!1s2@1:CIHM0ogKEICAgIDH4OnbTw%7CCgwI58KFtwYQ6NOwpwI%7C?hl=en","Knowledgeable coach, good vibes and a supportive environment."
"The Strikers Lab Gym (Muay Thai, Kickboxing & Boxing)","https://www.google.com/maps/search/?api=1&query=The%20Strikers%20Lab%20Gym%20(Muay%20Thai%2C%20Kickboxing%20%26%20Boxing)&query_place_id=ChIJUZBLv4ibEmsRsKGyO3x3EnU","5","Jackielou Sanchez","https://www.google.com/maps/reviews/data=!4m8!14m7!1m6!2m5!1sChdDSUhNMG9nS0VJQ0FnSUNIXzRmMTdRRRAB!2m1!1s0x0:0x7512777c3bb2a1b0!3m1!1s2@1:CIHM0ogKEICAgICH_4f17QE%7CCgwI1KqDtwYQ0OucoQE%7C?hl=en",
"The Strikers Lab Gym (Muay Thai, Kickboxing & Boxing)","https://www.google.com/maps/search/?api=1&query=The%20Strikers%20Lab%20Gym%20(Muay%20Thai%2C%20Kickboxing%20%26%20Boxing)&query_place_id=ChIJUZBLv4ibEmsRsKGyO3x3EnU","1","S A","https://www.google.com/maps/reviews/data=!4m8!14m7!1m6!2m5!1sChdDSUhNMG9nS0VJQ0FnSUNIajZiWTl3RRAB!2m1!1s0x0:0x7512777c3bb2a1b0!3m1!1s2@1:CIHM0ogKEICAgICHj6bY9wE%7CCgwIh9P_tgYQ-KDd0AI%7C?hl=en","Trained here for a few weeks recently and I can say I was truly disappointed. The trainer Franz is very money orientated and can be unprofessional and rude towards his students. The gym is small, not the cleanest, and way overpriced. There is other gyms around that can give you a better experience or skill. I wont be going back and I wouldn't recommend Strikers Lab to anyone."
"The Strikers Lab Gym (Muay Thai, Kickboxing & Boxing)","https://www.google.com/maps/search/?api=1&query=The%20Strikers%20Lab%20Gym%20(Muay%20Thai%2C%20Kickboxing%20%26%20Boxing)&query_place_id=ChIJUZBLv4ibEmsRsKGyO3x3EnU","5","Lachlan Harvey","https://www.google.com/maps/reviews/data=!4m8!14m7!1m6!2m5!1sChdDSUhNMG9nS0VJQ0FnSUNIdDQtT3J3RRAB!2m1!1s0x0:0x7512777c3bb2a1b0!3m1!1s2@1:CIHM0ogKEICAgICHt4-OrwE%7CCgwI2_3-tgYQgIqRjwI%7C?hl=en","Great gym with knowledgeable coach and fun classes"
"The Strikers Lab Gym (Muay Thai, Kickboxing & Boxing)","https://www.google.com/maps/search/?api=1&query=The%20Strikers%20Lab%20Gym%20(Muay%20Thai%2C%20Kickboxing%20%26%20Boxing)&query_place_id=ChIJUZBLv4ibEmsRsKGyO3x3EnU","5","A N","https://www.google.com/maps/reviews/data=!4m8!14m7!1m6!2m5!1sChdDSUhNMG9nS0VJQ0FnSUROaDUyWjZRRRAB!2m1!1s0x0:0x7512777c3bb2a1b0!3m1!1s2@1:CIHM0ogKEICAgIDNh52Z6QE%7CCgwI9a_PrQYQ-JSnkAI%7C?hl=en","Awesome gym! Really good trainer and the classes in the morning are always so bare which is really good. You also get three free sessions and the price after that are pretty reasonable for the training you get. Would definitely recommend!"
"The Strikers Lab Gym (Muay Thai, Kickboxing & Boxing)","https://www.google.com/maps/search/?api=1&query=The%20Strikers%20Lab%20Gym%20(Muay%20Thai%2C%20Kickboxing%20%26%20Boxing)&query_place_id=ChIJUZBLv4ibEmsRsKGyO3x3EnU","5","Daniel Eyles","https://www.google.com/maps/reviews/data=!4m8!14m7!1m6!2m5!1sChZDSUhNMG9nS0VJQ0FnSUM1OUlMaUVREAE!2m1!1s0x0:0x7512777c3bb2a1b0!3m1!1s2@1:CIHM0ogKEICAgIC59ILiEQ%7CCgwI59rlqwYQqLCyygM%7C?hl=en",
"The Strikers Lab Gym (Muay Thai, Kickboxing & Boxing)","https://www.google.com/maps/search/?api=1&query=The%20Strikers%20Lab%20Gym%20(Muay%20Thai%2C%20Kickboxing%20%26%20Boxing)&query_place_id=ChIJUZBLv4ibEmsRsKGyO3x3EnU","5","Shaneel Prasad","https://www.google.com/maps/reviews/data=!4m8!14m7!1m6!2m5!1sChZDSUhNMG9nS0VJQ0FnSUN4NGJ6NWFnEAE!2m1!1s0x0:0x7512777c3bb2a1b0!3m1!1s2@1:CIHM0ogKEICAgICx4bz5ag%7CCgsIjsmdowYQ4LqBSQ%7C?hl=en",
"The Strikers Lab Gym (Muay Thai, Kickboxing & Boxing)","https://www.google.com/maps/search/?api=1&query=The%20Strikers%20Lab%20Gym%20(Muay%20Thai%2C%20Kickboxing%20%26%20Boxing)&query_place_id=ChIJUZBLv4ibEmsRsKGyO3x3EnU","5","brad whitton","https://www.google.com/maps/reviews/data=!4m8!14m7!1m6!2m5!1sChdDSUhNMG9nS0VJQ0FnSURCNU9tZjVRRRAB!2m1!1s0x0:0x7512777c3bb2a1b0!3m1!1s2@1:CIHM0ogKEICAgIDB5Omf5QE%7CCgsI6tP-nQYQ8O7BfA%7C?hl=en",
"The Strikers Lab Gym (Muay Thai, Kickboxing & Boxing)","https://www.google.com/maps/search/?api=1&query=The%20Strikers%20Lab%20Gym%20(Muay%20Thai%2C%20Kickboxing%20%26%20Boxing)&query_place_id=ChIJUZBLv4ibEmsRsKGyO3x3EnU","5","Eddie Narayan","https://www.google.com/maps/reviews/data=!4m8!14m7!1m6!2m5!1sChZDSUhNMG9nS0VJQ0FnSURtNDdDWmVnEAE!2m1!1s0x0:0x7512777c3bb2a1b0!3m1!1s2@1:CIHM0ogKEICAgIDm47CZeg%7CCgwIztKGkAYQ4JuknwI%7C?hl=en",
"The Strikers Lab Gym (Muay Thai, Kickboxing & Boxing)","https://www.google.com/maps/search/?api=1&query=The%20Strikers%20Lab%20Gym%20(Muay%20Thai%2C%20Kickboxing%20%26%20Boxing)&query_place_id=ChIJUZBLv4ibEmsRsKGyO3x3EnU","5","Justin Pearce","https://www.google.com/maps/reviews/data=!4m8!14m7!1m6!2m5!1sChdDSUhNMG9nS0VJQ0FnSURDMmNDbXN3RRAB!2m1!1s0x0:0x7512777c3bb2a1b0!3m1!1s2@1:CIHM0ogKEICAgIDC2cCmswE%7CCgwI6sLe-wUQ8Lq44wI%7C?hl=en","Awesome sessions good atmosphere no hero‚Äôs at this gym the trainer is really focused and takes pride in what he does and breaks things down for you when asked üëç"
"The Strikers Lab Gym (Muay Thai, Kickboxing & Boxing)","https://www.google.com/maps/search/?api=1&query=The%20Strikers%20Lab%20Gym%20(Muay%20Thai%2C%20Kickboxing%20%26%20Boxing)&query_place_id=ChIJUZBLv4ibEmsRsKGyO3x3EnU","5","Aces Tennis","https://www.google.com/maps/reviews/data=!4m8!14m7!1m6!2m5!1sChdDSUhNMG9nS0VJQ0FnSUNDd0l5M3d3RRAB!2m1!1s0x0:0x7512777c3bb2a1b0!3m1!1s2@1:CIHM0ogKEICAgICCwIy3wwE%7CCgsI-Jmw-QUQ0KGYcw%7C?hl=en",
"The Strikers Lab Gym (Muay Thai, Kickboxing & Boxing)","https://www.google.com/maps/search/?api=1&query=The%20Strikers%20Lab%20Gym%20(Muay%20Thai%2C%20Kickboxing%20%26%20Boxing)&query_place_id=ChIJUZBLv4ibEmsRsKGyO3x3EnU","5","Fresh Refrigeration","https://www.google.com/maps/reviews/data=!4m8!14m7!1m6!2m5!1sChZDSUhNMG9nS0VJQ0FnSUM4X3VhS0V3EAE!2m1!1s0x0:0x7512777c3bb2a1b0!3m1!1s2@1:CIHM0ogKEICAgIC8_uaKEw%7CCgwIya2W-AUQ4LXt6AE%7C?hl=en","Great gym"
"The Strikers Lab Gym (Muay Thai, Kickboxing & Boxing)","https://www.google.com/maps/search/?api=1&query=The%20Strikers%20Lab%20Gym%20(Muay%20Thai%2C%20Kickboxing%20%26%20Boxing)&query_place_id=ChIJUZBLv4ibEmsRsKGyO3x3EnU","5","Justin Culibao","https://www.google.com/maps/reviews/data=!4m8!14m7!1m6!2m5!1sChdDSUhNMG9nS0VJQ0FnSURjOFpuQzVBRRAB!2m1!1s0x0:0x7512777c3bb2a1b0!3m1!1s2@1:CIHM0ogKEICAgIDc8ZnC5AE%7CCgwIzOuc9wUQ0IW_9AE%7C?hl=en",
